n_substrates, p_binding, k_on
9, 2.017485e-03, 2.210631e+07
3, 1.724062e-03, 1.889264e+07