N, k_on, p, reactions, lambda, docks, locking
1, 3.040481e+08, 2.8e-2, 5000, 20, 1, False
2, 1.086238e+06, 1e-4, 50000, 20, 2, False
2, 1.194544e+07, 1.1e-3, 10000, 20, 4, False
2, 3.584367e+06, 3.3e-4, 18000, 10, 4, False
3, 0, 0, 100000, 10, 4, False
3, 2.172522e+05, 2e-5, 50000, 10, 4, True