N, k_on, p, reactions, lambda, docks, locking
1, 3.040481e+08, 2.8e-2, 5000, 20, 1, False
2, 1.086238e+06, 1e-4, 50000, 20, 2, False
2, 1.194544e+07, 1.1e-3, 10000, 20, 4, False
2, 3.584367e+06, 3.3e-4, 18000, 10, 4, False
3, 1.246239e+05, 1.1e-5, 250000, 10, 4, False
3, 2.389648e+06, 2.2e-4, 50000, 10, 4, True
2, 1.086238e+06, 1e-4, 50000, 10, 4, False
1, 1.727121e+08, 1.6e-2, 50000, 5, 4, False
1, 6.814285e+08, 6.3e-2, 5000, 10, 4, False
2, 4.384828e+06, 4.0e-4, 5000, 10, 4, False
3, 