time1, time2, notes
8081228.6364835305, 8035431.723517223, baseline
