n_substrates, p_binding, k_on
9, 0.004441408, 4.863478e+07
3, 0.001845870, 2.022678e+07
1, 0.001117446, 1.224719e+07